Allele,CTX,Replicate,growth rate
Triple,4096,1,0.021194717
Triple,2048,1,0.135150782
Triple,1024,1,0.140168343
Triple,512,1,0.151599636
Triple,256,1,0.143138521
Triple,128,1,0.13075623
Triple,64,1,0.132730893
Triple,0,1,0.188230843
G238S,2,1,0.034446754
G238S,1,1,0.036097655
G238S,0.5,1,0.145752516
G238S,0.25,1,0.167489469
G238S,0.125,1,0.178498105
G238S,0.0625,1,0.192566919
G238S,0.03125,1,0.193219842
G238S,0,1,0.191882282
Triple,4096,2,0.024457478
Triple,2048,2,0.137833447
Triple,1024,2,0.13782285
Triple,512,2,0.150834418
Triple,256,2,0.137504588
Triple,128,2,0.128411639
Triple,64,2,0.137286337
Triple,0,2,0.181880886
G238S,2,2,0.033665342
G238S,1,2,0.028955339
G238S,0.5,2,0.165511184
G238S,0.25,2,0.185282918
G238S,0.125,2,0.177091439
G238S,0.0625,2,0.189844749
G238S,0.03125,2,0.187560647
G238S,0,2,0.189565215
Triple,4096,3,0.032751047
Triple,2048,3,0.127148074
Triple,1024,3,0.133034561
Triple,512,3,0.150308825
Triple,256,3,0.132459391
Triple,128,3,0.122369178
Triple,64,3,0.135792868
Triple,0,3,0.183773613
G238S,2,3,0.047708233
G238S,1,3,0.026126502
G238S,0.5,3,0.171316184
G238S,0.25,3,0.174484262
G238S,0.125,3,0.174692412
G238S,0.0625,3,0.186212294
G238S,0.03125,3,0.164572628
G238S,0,3,0.187502547
